{"ETH":{"c":1692.209961,"pc":1608.960693},"BTC":{"c":61388.199219,"pc":60003.757812},"BNB":{"c":560.940002,"pc":550.109497},"SOL":{"c":80.589996,"pc":77.383705},"TRX":{"c":0.317987,"pc":0.315706},"HYPE":{"c":5e-06,"pc":5e-06},"XRP":{"c":1.0888,"pc":1.052148},"RAIN":{"c":1.6e-05,"pc":1.6e-05},"DOGE":{"c":0.07433,"pc":0.072177},"ZEC":{"c":436.529999,"pc":416.634064},"XLM":{"c":0.199249,"pc":0.197589},"ADA":{"c":0.1598,"pc":0.15404},"WBT":{"c":55.506287,"pc":54.691036},"XMR":{"c":312.795898,"pc":309.01236},"USD1":{"c":1.001145,"pc":0.999845},"CC":{"c":0.179973,"pc":0.179973},"LINK":{"c":7.763,"pc":7.350116},"GRAM":{"c":1.635611,"pc":1.559348},"BCH":{"c":216.720001,"pc":210.23494},"HBAR":{"c":0.07414,"pc":0.071817},"LAB":{"c":1.5e-05,"pc":1.5e-05},"LTC":{"c":43.349998,"pc":42.655479},"USDG":{"c":5.394242,"pc":5.39521},"SUI":{"c":0.0003,"pc":0.0003},"CRO":{"c":0.05635,"pc":0.055779},"AVAX":{"c":6.76,"pc":6.662941},"XAUT":{"c":4111.183105,"pc":4027.085693},"SHIB":{"c":4e-06,"pc":4e-06},"NEAR":{"c":1.914,"pc":1.803478},"BUIDL":{"c":0.708361,"pc":0.707427},"M":{"c":0.000235,"pc":0.00023},"USDY":{"c":0.821658,"pc":0.821658},"UNI":{"c":0.000163,"pc":0.000163},"PAXG":{"c":4114.189941,"pc":4029.442139},"ASTER":{"c":0.001076,"pc":0.001076},"WLFI":{"c":0.0,"pc":0.0},"HTX":{"c":2e-06,"pc":2e-06},"RLUSD":{"c":0.999998,"pc":0.999824},"OKB":{"c":80.022171,"pc":79.936218},"ONDO":{"c":0.33266,"pc":0.324611},"MNT":{"c":1.120376,"pc":1.119004},"DOT":{"c":0.849,"pc":0.827668},"MORPHO":{"c":0.001813,"pc":0.001805},"USDF":{"c":2.142394,"pc":2.142394},"USDD":{"c":0.998252,"pc":0.998836},"BFUSD":{"c":0.998442,"pc":0.998489},"AAVE":{"c":87.019997,"pc":83.154694},"WLD":{"c":0.3923,"pc":0.361497},"SKY":{"c":0.014965,"pc":0.014965},"PI":{"c":0.00205,"pc":0.00205},"BGB":{"c":1.702877,"pc":1.602585},"ICP":{"c":2.188,"pc":2.147153},"ETC":{"c":7.09,"pc":7.005347},"PEPE":{"c":6e-06,"pc":6e-06},"DEXE":{"c":22.102335,"pc":23.082367},"U":{"c":1e-06,"pc":1e-06},"QNT":{"c":67.400002,"pc":66.847382},"KCS":{"c":7.131787,"pc":6.83985},"BEAT":{"c":3.9e-05,"pc":3.9e-05},"USDGO":{"c":1.000109,"pc":0.999952},"KAS":{"c":0.031208,"pc":0.03082},"STABLE":{"c":2e-06,"pc":2e-06},"RENDER":{"c":1.579,"pc":1.501007},"JUP":{"c":0.000237,"pc":0.000225},"ATOM":{"c":1.547,"pc":1.539453},"POL":{"c":0.008241,"pc":0.008241},"NEXO":{"c":0.771872,"pc":0.751634},"ALGO":{"c":0.0862,"pc":0.084337},"JST":{"c":0.088328,"pc":0.088181},"USDTB":{"c":0.999925,"pc":0.999925},"GT":{"c":6.63717,"pc":6.54735},"ADI":{"c":3.6e-05,"pc":3.6e-05},"ENA":{"c":0.0755,"pc":0.071249},"BDX":{"c":0.088467,"pc":0.086888},"VVV":{"c":0.0,"pc":0.0},"FIL":{"c":0.779,"pc":0.735966},"GHO":{"c":0.998201,"pc":0.997907},"FLR":{"c":0.00672,"pc":0.006433},"XDC":{"c":0.028531,"pc":0.027924},"YLDS":{"c":0.999865,"pc":0.999763},"USD0":{"c":0.99858,"pc":0.99851},"LIT":{"c":0.000129,"pc":0.000129},"NIGHT":{"c":0.031148,"pc":0.031145},"USX":{"c":1.003339,"pc":0.988565},"APT":{"c":0.000131,"pc":0.000131},"HASH":{"c":0.000336,"pc":0.000336},"ARB":{"c":0.000757,"pc":0.000757},"A7A5":{"c":0.012414,"pc":0.01234},"INJ":{"c":4.626,"pc":4.485253},"AERO":{"c":4e-05,"pc":3.9e-05}}